{"cameraMode":{"drawMode":0,"name":"Shaded","section":"Shading Mode"},"sceneLighting":true,"audioPlay":false,"sceneViewState":{"showFog":true,"showMaterialUpdate":false,"showSkybox":true,"showFlares":true,"showImageEffects":true,"showParticleSystems":true},"in2DMode":false,"pivot":{"x":9.62123966217041,"y":-13.806471824645996,"z":153.67062377929688},"rotation":{"x":0.2754562497138977,"y":0.1828886717557907,"z":-0.05347141996026039,"w":0.9422401189804077},"size":38.909366607666019,"orthographic":false}