{"cameraMode":{"drawMode":0,"name":"Shaded","section":"Shading Mode"},"sceneLighting":true,"audioPlay":false,"sceneViewState":{"showFog":true,"showMaterialUpdate":false,"showSkybox":true,"showFlares":true,"showImageEffects":true,"showParticleSystems":true},"in2DMode":false,"pivot":{"x":4.068901062011719,"y":6.203590393066406,"z":3.4763317108154299},"rotation":{"x":-0.4889843165874481,"y":0.37134677171707156,"z":-0.24165719747543336,"w":-0.7513972520828247},"size":38.909366607666019,"orthographic":false}