{"cameraMode":{"drawMode":0,"name":"Shaded","section":"Shading Mode"},"sceneLighting":true,"audioPlay":false,"sceneViewState":{"showFog":true,"showMaterialUpdate":false,"showSkybox":true,"showFlares":true,"showImageEffects":true,"showParticleSystems":true},"in2DMode":false,"pivot":{"x":-1.5093790292739869,"y":-3.020331621170044,"z":8.00617790222168},"rotation":{"x":-0.13603198528289796,"y":-0.025536971166729928,"z":0.0035076371859759094,"w":-0.9903690814971924},"size":22.0,"orthographic":false}