{"cameraMode":{"drawMode":0,"name":"Shaded","section":"Shading Mode"},"sceneLighting":true,"audioPlay":false,"sceneViewState":{"showFog":true,"showMaterialUpdate":false,"showSkybox":true,"showFlares":true,"showImageEffects":true,"showParticleSystems":true},"in2DMode":false,"pivot":{"x":3.4551024436950685,"y":-3.9181880950927736,"z":140.20245361328126},"rotation":{"x":0.25222843885421755,"y":0.011308036744594574,"z":-0.0029479649383574726,"w":0.9675971865653992},"size":22.0,"orthographic":false}