{"cameraMode":{"drawMode":0,"name":"Shaded","section":"Shading Mode"},"sceneLighting":true,"audioPlay":false,"sceneViewState":{"showFog":true,"showMaterialUpdate":false,"showSkybox":true,"showFlares":true,"showImageEffects":true,"showParticleSystems":true},"in2DMode":false,"pivot":{"x":-16.403995513916017,"y":-13.000722885131836,"z":31.564844131469728},"rotation":{"x":0.28728216886520388,"y":-0.2953059673309326,"z":0.09359554946422577,"w":0.9063681364059448},"size":63.14418029785156,"orthographic":false}